sample_id	transcript_1	transcript_2	shared_reads	total_reads_tx1	total_reads_tx2	sharing_fraction	recommendation
SAMEA117622252	transcript1109.chr2.nnic	ENST00000335606.11	6	8	6	1	consider_merging
SAMEA117622252	ENST00000370372.7	ENST00000398020.6	2	2	2	1	consider_merging
SAMEA117622252	ENST00000251166.9	ENST00000264710.5	1	1	2	1	consider_merging
SAMEA117622252	transcript154.chr20.nnic	transcript157.chr4.nnic	1	2	1	1	consider_merging
SAMEA117622252	ENST00000498700.5	transcript237.chr7.nic	6	6	8	1	consider_merging
SAMEA117622252	transcript1363.chr2.nnic	ENST00000399933.8	1	1	1	1	consider_merging
SAMEA117622252	ENST00000482111.1	transcript1151.chr11.nnic	13	13	155	1	consider_merging
SAMEA117622252	transcript2136.chr6.nnic	ENST00000678563.1	3	3	3	1	consider_merging
SAMEA117622252	ENST00000258787.12	transcript1215.chr11.nnic	15	15	15	1	consider_merging
SAMEA117622252	ENST00000263461.11	transcript867.chr10.nnic	6	6	13	1	consider_merging
SAMEA117622252	ENST00000374343.5	ENST00000356245.8	1	2	1	1	consider_merging
SAMEA117622252	transcript792.chr14.nnic	transcript685.chr19.nnic	9	9	9	1	consider_merging
SAMEA117622252	ENST00000237889.9	ENST00000399075.6	2	2	4	1	consider_merging
SAMEA117622252	transcript378.chr8.nnic	transcript424.chr16.nic	4	4	8	1	consider_merging
SAMEA117622252	transcript1213.chr1.nic	ENST00000375898.4	1	1	1	1	consider_merging
SAMEA117622252	ENST00000376073.8	ENST00000397124.5	1	1	1	1	consider_merging
SAMEA117622252	transcript194.chr5.nnic	ENST00000360642.7	286	286	287	1	consider_merging
SAMEA117622252	ENST00000413042.3	ENST00000413140.5	1	1	2	1	consider_merging
SAMEA117622252	ENST00000394852.8	ENST00000368347.8	1	1	1	1	consider_merging
SAMEA117622252	ENST00000404816.7	ENST00000405303.7	1	1	1	1	consider_merging
SAMEA117622252	ENST00000319449.9	ENST00000414009.2	1	1	1	1	consider_merging
SAMEA117622252	transcript40.chr3.nic	ENST00000374606.10	1	10	1	1	consider_merging
SAMEA117622252	ENST00000645674.2	ENST00000373840.9	1	1	2	1	consider_merging
SAMEA117622252	ENST00000374514.8	ENST00000328268.9	1	1	1	1	consider_merging
SAMEA117622252	ENST00000441259.2	ENST00000394990.8	1	1	1	1	consider_merging
SAMEA117622252	ENST00000398148.7	ENST00000378386.8	1	4	1	1	consider_merging
SAMEA117622252	ENST00000395726.8	ENST00000395787.4	1	1	1	1	consider_merging
SAMEA117622252	ENST00000324379.10	ENST00000395841.7	1	1	1	1	consider_merging
SAMEA117622252	ENST00000337917.11	ENST00000301466.8	1	1	1	1	consider_merging
SAMEA117622252	ENST00000257787.6	ENST00000258169.9	6	6	6	1	consider_merging
SAMEA117622252	transcript266.chr8.nnic	transcript498.chrX.nic	1	1	1	1	consider_merging
SAMEA117622252	ENST00000576892.8	transcript42.chr18.nnic	12	12	12	1	consider_merging
SAMEA117622252	transcript15.chr21.nnic	ENST00000572851.6	3	32	3	1	consider_merging
SAMEA117622252	ENST00000368174.5	ENST00000418507.6	7	8	7	1	consider_merging
SAMEA117622252	ENST00000368211.8	ENST00000418533.6	1	1	2	1	consider_merging
SAMEA117622252	transcript293.chr8.nnic	ENST00000325324.11	1	1	1	1	consider_merging
SAMEA117622252	ENST00000368453.8	ENST00000377673.10	1	1	1	1	consider_merging
SAMEA117622252	ENST00000485386.1	ENST00000370377.8	1	2	1	1	consider_merging
SAMEA117622252	ENST00000373925.5	ENST00000370792.7	1	1	1	1	consider_merging
SAMEA117622252	transcript227.chr17.nic	ENST00000367261.8	2	2	5	1	consider_merging
SAMEA117622252	ENST00000396014.8	ENST00000396020.7	1	2	1	1	consider_merging
SAMEA117622252	ENST00000357052.8	transcript257.chr13.nnic	2	2	2	1	consider_merging
SAMEA117622252	ENST00000445560.6	transcript359.chr13.nic	1	1	2	1	consider_merging
SAMEA117622252	ENST00000366514.5	ENST00000366647.9	1	1	1	1	consider_merging
SAMEA117622252	ENST00000397062.8	ENST00000397080.8	1	1	1	1	consider_merging
SAMEA117622252	ENST00000259632.12	transcript383.chr5.nnic	7	7	9	1	consider_merging
SAMEA117622252	transcript820.chr14.nnic	ENST00000493053.5	21	21	21	1	consider_merging
SAMEA117622252	ENST00000375856.5	ENST00000413697.5	1	1	1	1	consider_merging
SAMEA117622252	ENST00000333511.9	ENST00000409785.9	6	7	6	1	consider_merging
SAMEA117622252	ENST00000378853.3	ENST00000333511.9	1	1	7	1	consider_merging
SAMEA117622252	ENST00000419277.5	ENST00000008938.5	2	2	2	1	consider_merging
SAMEA117622252	ENST00000299157.5	ENST00000358465.7	1	1	1	1	consider_merging
SAMEA117622252	ENST00000370152.8	ENST00000323563.8	1	1	1	1	consider_merging
SAMEA117622252	ENST00000355151.9	ENST00000392006.8	1	6	1	1	consider_merging
SAMEA117622252	ENST00000366999.9	ENST00000374819.6	1	1	1	1	consider_merging
SAMEA117622252	transcript693.chr1.nic	transcript598.chr1.nnic	3	3	4	1	consider_merging
SAMEA117622252	ENST00000279247.11	ENST00000394520.7	37	37	37	1	consider_merging
SAMEA117622252	ENST00000373464.5	ENST00000374358.5	2	70	2	1	consider_merging
SAMEA117622252	transcript981.chr12.nnic	transcript1327.chr11.nic	1	1	1	1	consider_merging
SAMEA117622252	ENST00000372836.5	transcript799.chr16.nnic	1	1	2	1	consider_merging
SAMEA117622252	ENST00000216452.9	ENST00000217402.3	605	605	633	1	consider_merging
SAMEA117622252	ENST00000637561.1	ENST00000242257.14	7	7	7	1	consider_merging
SAMEA117622252	ENST00000306185.8	ENST00000393700.8	1	37	1	1	consider_merging
SAMEA117622252	ENST00000372330.3	ENST00000245157.11	15	15	15	1	consider_merging
SAMEA117622252	ENST00000422514.7	ENST00000231009.3	6	9	6	1	consider_merging
SAMEA117622252	ENST00000396198.7	ENST00000246117.9	3	3	6	1	consider_merging
SAMEA117622252	ENST00000338758.12	ENST00000341285.8	1	1	1	1	consider_merging
SAMEA117622252	ENST00000356205.9	ENST00000356401.9	2	2	2	1	consider_merging
SAMEA117622252	ENST00000567572.6	ENST00000377213.1	2	2	2	1	consider_merging
SAMEA117622252	transcript1060.chr7.nnic	transcript248.chr19.nnic	1	16	1	1	consider_merging
SAMEA117622252	ENST00000495531.1	transcript1315.chr17.nnic	3	14	3	1	consider_merging
SAMEA117622252	ENST00000376237.8	ENST00000390667.11	1	1	1	1	consider_merging
SAMEA117622252	ENST00000382374.9	ENST00000267082.10	1	8	1	1	consider_merging
SAMEA117622252	ENST00000368759.5	ENST00000409573.7	11	11	11	1	consider_merging
SAMEA117622252	ENST00000262306.11	ENST00000264350.8	78	80	78	1	consider_merging
SAMEA117622252	ENST00000383329.7	ENST00000373144.7	1	1	1	1	consider_merging
SAMEA117622252	transcript144.chr3.nnic	ENST00000360472.9	4	4	4	1	consider_merging
SAMEA117622252	ENST00000264414.9	ENST00000265742.8	2	5	2	1	consider_merging
SAMEA117622252	ENST00000334351.8	ENST00000266077.5	5	5	5	1	consider_merging
SAMEA117622252	ENST00000269980.7	ENST00000266000.10	1	1	1	1	consider_merging
SAMEA117622252	ENST00000309311.7	ENST00000373943.9	1	1	1	1	consider_merging
SAMEA117622252	ENST00000264827.9	ENST00000373394.8	1	1	1	1	consider_merging
SAMEA117622252	ENST00000280571.10	ENST00000266970.9	1	1	1	1	consider_merging
SAMEA117622252	ENST00000376227.4	ENST00000296464.9	1	1	7	1	consider_merging
SAMEA117622252	ENST00000380605.3	ENST00000381571.6	18	18	18	1	consider_merging
SAMEA117622252	ENST00000393085.4	ENST00000271883.9	1	1	1	1	consider_merging
SAMEA117622252	ENST00000340042.2	ENST00000267814.14	2	3	2	1	consider_merging
SAMEA117622252	ENST00000264552.14	ENST00000216756.11	2	2	2	1	consider_merging
SAMEA117622252	transcript309.chr17.nic	transcript97.chr3.nnic	79	79	143	1	consider_merging
SAMEA117622252	transcript1122.chr3.nnic	ENST00000324170.7	7	12	7	1	consider_merging
SAMEA117622252	ENST00000261303.13	ENST00000614830.5	2	2	2	1	consider_merging
SAMEA117622252	transcript271.chr8.nic	ENST00000331299.6	1	6	1	1	consider_merging
SAMEA117622252	ENST00000576008.5	ENST00000379170.9	2	2	4	1	consider_merging
SAMEA117622252	ENST00000376566.8	ENST00000412795.5	1	2	1	1	consider_merging
SAMEA117622252	ENST00000290158.9	ENST00000589591.5	3	3	10	1	consider_merging
SAMEA117622252	ENST00000401030.4	ENST00000401466.5	1	1	1	1	consider_merging
SAMEA117622252	ENST00000452404.6	transcript400.chr8.nnic	1	1	1	1	consider_merging
SAMEA117622252	ENST00000374767.5	ENST00000276055.4	1	4	1	1	consider_merging
SAMEA117622252	ENST00000262109.8	ENST00000264065.12	10	39	10	1	consider_merging
SAMEA117622252	ENST00000263867.9	ENST00000347343.6	3	3	4	1	consider_merging
SAMEA117622252	transcript363.chr9.nnic	transcript582.chr3.nic	1	1	1	1	consider_merging
SAMEA117622252	ENST00000400299.6	ENST00000400968.7	1	1	2	1	consider_merging
SAMEA117622252	ENST00000238618.8	ENST00000218652.12	1	1	2	1	consider_merging
SAMEA117622252	transcript173.chr12.nnic	ENST00000316097.13	2	2	4	1	consider_merging
SAMEA117622252	ENST00000379031.10	ENST00000400151.6	1	1	1	1	consider_merging
SAMEA117622252	ENST00000331442.5	ENST00000304332.8	13	13	13	1	consider_merging
SAMEA117622252	ENST00000400770.6	ENST00000301785.7	4	4	4	1	consider_merging
SAMEA117622252	ENST00000373703.5	ENST00000302271.11	38	39	38	1	consider_merging
SAMEA117622252	ENST00000311862.10	ENST00000314028.11	2	2	12	1	consider_merging
SAMEA117622252	ENST00000361138.7	ENST00000366610.8	4	6	4	1	consider_merging
SAMEA117622252	ENST00000296127.7	ENST00000373758.5	13	15	13	1	consider_merging
SAMEA117622252	transcript813.chr11.nnic	ENST00000316562.9	2	2	2	1	consider_merging
SAMEA117622252	ENST00000335125.11	ENST00000296277.9	1	11	1	1	consider_merging
SAMEA117622252	ENST00000307363.10	ENST00000393909.7	5	5	6	1	consider_merging
SAMEA117622252	ENST00000361624.2	ENST00000340020.11	18	18	18	1	consider_merging
SAMEA117622252	ENST00000319017.5	ENST00000334651.11	2	55	2	1	consider_merging
SAMEA117622252	ENST00000262061.7	ENST00000320095.12	3	3	3	1	consider_merging
SAMEA117622252	transcript147.chrX.nnic	ENST00000368655.5	1	1	1	1	consider_merging
SAMEA117622252	ENST00000312184.6	ENST00000368851.10	1	1	1	1	consider_merging
SAMEA117622252	transcript364.chr2.nnic	ENST00000229214.9	2	2	2	1	consider_merging
SAMEA117622252	ENST00000651435.1	ENST00000391947.6	6	6	6	1	consider_merging
SAMEA117622252	ENST00000429437.5	ENST00000317968.9	1	1	10	1	consider_merging
SAMEA117622252	ENST00000686500.3	ENST00000319357.6	8	8	8	1	consider_merging
SAMEA117622252	transcript1032.chr3.nnic	transcript236.chr22.nic	3	3	11	1	consider_merging
SAMEA117622252	ENST00000251636.10	ENST00000379887.9	1	1	2	1	consider_merging
SAMEA117622252	ENST00000378302.7	ENST00000378595.7	4	8	4	1	consider_merging
SAMEA117622252	ENST00000378302.7	ENST00000412367.6	1	8	1	1	consider_merging
SAMEA117622252	ENST00000690048.2	transcript235.chr4.nnic	4	4	4	1	consider_merging
SAMEA117622252	ENST00000543165.1	ENST00000680374.1	3	9	3	1	consider_merging
SAMEA117622252	ENST00000394903.6	ENST00000394950.7	1	1	1	1	consider_merging
SAMEA117622252	transcript114.chr6.nnic	ENST00000402802.8	1	1	1	1	consider_merging
SAMEA117622252	ENST00000323699.9	transcript1385.chr19.nnic	1	1	1	1	consider_merging
SAMEA117622252	transcript492.chr20.nic	ENST00000412051.5	1	1	1	1	consider_merging
SAMEA117622252	ENST00000315691.8	ENST00000376980.8	12	40	12	1	consider_merging
SAMEA117622252	transcript32.chr18.nic	ENST00000370435.5	2	2	2	1	consider_merging
SAMEA117622252	ENST00000245615.6	transcript73.chr4.nnic	1	1	1	1	consider_merging
SAMEA117622252	ENST00000587708.7	transcript891.chr7.nnic	1	1	1	1	consider_merging
SAMEA117622252	transcript380.chr3.nnic	ENST00000368685.6	3	3	3	1	consider_merging
SAMEA117622252	ENST00000358246.5	ENST00000357635.10	1	1	2	1	consider_merging
SAMEA117622252	ENST00000816358.1	ENST00000358402.8	1	1	1	1	consider_merging
SAMEA117622252	ENST00000284320.6	ENST00000284818.7	6831	30221	6834	0.999561018437226	consider_merging
SAMEA117622252	transcript106.chr17.nic	ENST00000380201.2	10482	64954	10495	0.998761314911863	consider_merging
SAMEA117622252	ENST00000380201.2	ENST00000445140.6	10482	10495	67525	0.998761314911863	consider_merging
SAMEA117622252	ENST00000310092.12	ENST00000372457.9	1904	1909	2021	0.99738082765846	consider_merging
SAMEA117622252	transcript585.chrX.nnic	ENST00000372734.5	208	218	209	0.995215311004785	consider_merging
SAMEA117622252	transcript1263.chr1.nnic	ENST00000491939.6	2538	2553	3078	0.994124559341951	consider_merging
SAMEA117622252	ENST00000490466.2	ENST00000370994.8	140	141	141	0.99290780141844	consider_merging
SAMEA117622252	transcript106.chr17.nic	ENST00000445140.6	64326	64954	67525	0.990331619299812	consider_merging
SAMEA117622252	ENST00000591462.6	ENST00000368467.4	235	239	238	0.987394957983193	consider_merging
SAMEA117622252	ENST00000230895.11	ENST00000533723.1	740	76036	750	0.986666666666667	consider_merging
SAMEA117622252	ENST00000009530.13	ENST00000537505.6	1086	102257	1101	0.986376021798365	consider_merging
SAMEA117622252	ENST00000396651.8	ENST00000323249.8	579	592	587	0.986371379897785	consider_merging
SAMEA117622252	ENST00000301329.11	ENST00000301458.10	357	362	483	0.986187845303867	consider_merging
SAMEA117622252	ENST00000301329.11	transcript952.chr2.nnic	357	362	665	0.986187845303867	consider_merging
SAMEA117622252	ENST00000301329.11	ENST00000393119.7	357	362	5093	0.986187845303867	consider_merging
SAMEA117622252	ENST00000367066.8	ENST00000524726.1	4363	4430	4707	0.984875846501129	consider_merging
SAMEA117622252	ENST00000317697.8	ENST00000378312.8	51	52	62	0.980769230769231	consider_merging
SAMEA117622252	transcript1166.chr19.nnic	transcript2310.chr6.nic	213	226	218	0.977064220183486	consider_merging
SAMEA117622252	ENST00000321348.9	ENST00000380839.9	247	4558	253	0.976284584980237	consider_merging
SAMEA117622252	ENST00000289371.11	ENST00000293825.11	39	40	301	0.975	consider_merging
SAMEA117622252	ENST00000392594.7	ENST00000285518.11	1250	1356	1286	0.972006220839813	consider_merging
SAMEA117622252	transcript1102.chr3.nic	ENST00000376344.8	34	565	35	0.971428571428571	consider_merging
SAMEA117622252	ENST00000376344.8	ENST00000376693.3	34	35	37	0.971428571428571	consider_merging
SAMEA117622252	ENST00000284320.6	transcript850.chr7.nnic	4803	30221	4967	0.966982081739481	consider_merging
SAMEA117622252	ENST00000284818.7	transcript850.chr7.nnic	4803	6834	4967	0.966982081739481	consider_merging
SAMEA117622252	ENST00000216500.9	ENST00000308158.10	29	30	57	0.966666666666667	consider_merging
SAMEA117622252	ENST00000381209.8	ENST00000263697.6	80	829	83	0.963855421686747	consider_merging
SAMEA117622252	ENST00000266544.10	ENST00000372431.8	21	35	22	0.954545454545455	consider_merging
SAMEA117622252	ENST00000236957.9	ENST00000649386.2	73	903	77	0.948051948051948	consider_merging
SAMEA117622252	ENST00000301329.11	ENST00000301729.9	343	362	29996	0.947513812154696	consider_merging
SAMEA117622252	transcript1102.chr3.nic	ENST00000376693.3	35	565	37	0.945945945945946	consider_merging
SAMEA117622252	ENST00000393812.4	transcript1184.chr17.nnic	15	17	16	0.9375	consider_merging
SAMEA117622252	transcript1184.chr17.nnic	ENST00000596731.7	15	16	18	0.9375	consider_merging
SAMEA117622252	ENST00000596358.6	ENST00000313543.5	15	16	355	0.9375	consider_merging
SAMEA117622252	ENST00000596358.6	ENST00000260363.9	15	16	16	0.9375	consider_merging
SAMEA117622252	ENST00000313543.5	ENST00000260363.9	15	355	16	0.9375	consider_merging
SAMEA117622252	transcript698.chr4.nnic	transcript878.chr12.nic	15	21	16	0.9375	consider_merging
SAMEA117622252	ENST00000244496.6	ENST00000679149.1	14	16	15	0.933333333333333	consider_merging
SAMEA117622252	ENST00000299335.8	ENST00000360943.10	13	14	15	0.928571428571429	consider_merging
SAMEA117622252	ENST00000320936.9	ENST00000258821.8	13	58	14	0.928571428571429	consider_merging
SAMEA117622252	transcript698.chr4.nnic	transcript918.chr8.nic	13	21	14	0.928571428571429	consider_merging
SAMEA117622252	transcript878.chr12.nic	transcript918.chr8.nic	13	16	14	0.928571428571429	consider_merging
SAMEA117622252	ENST00000301329.11	ENST00000356232.10	336	362	579	0.92817679558011	consider_merging
SAMEA117622252	ENST00000326631.7	ENST00000374881.3	12	13	29	0.923076923076923	consider_merging
SAMEA117622252	ENST00000284320.6	ENST00000372838.9	184	30221	200	0.92	consider_merging
SAMEA117622252	ENST00000284818.7	ENST00000372838.9	184	6834	200	0.92	consider_merging
SAMEA117622252	ENST00000301329.11	ENST00000392088.6	333	362	3071	0.919889502762431	consider_merging
SAMEA117622252	ENST00000372838.9	transcript601.chr14.nnic	183	200	240	0.915	consider_merging
SAMEA117622252	ENST00000372838.9	transcript850.chr7.nnic	183	200	4967	0.915	consider_merging
SAMEA117622252	ENST00000301458.10	transcript952.chr2.nnic	441	483	665	0.91304347826087	consider_merging
SAMEA117622252	ENST00000354545.8	ENST00000360525.9	383	420	149102	0.911904761904762	consider_merging
SAMEA117622252	ENST00000321348.9	ENST00000380860.8	51	4558	56	0.910714285714286	consider_merging
SAMEA117622252	ENST00000395238.5	transcript28.chrY.nnic	10	13	11	0.909090909090909	consider_merging
SAMEA117622252	transcript668.chr3.nnic	transcript686.chr10.nic	10	23	11	0.909090909090909	consider_merging
SAMEA117622252	ENST00000361745.10	ENST00000263401.10	10	296	11	0.909090909090909	consider_merging
SAMEA117622252	ENST00000401507.7	ENST00000263401.10	10	20	11	0.909090909090909	consider_merging
SAMEA117622252	ENST00000645668.2	ENST00000370693.5	10	13	11	0.909090909090909	consider_merging
SAMEA117622252	ENST00000379666.7	transcript301.chr4.nnic	86	311	95	0.905263157894737	consider_merging
SAMEA117622252	ENST00000354545.8	ENST00000505747.6	143	420	158	0.905063291139241	consider_merging
SAMEA117622252	ENST00000360525.9	ENST00000505747.6	143	149102	158	0.905063291139241	consider_merging
SAMEA117622252	transcript454.chr7.nnic	ENST00000380647.8	19	21	21	0.904761904761905	consider_merging
SAMEA117622252	ENST00000677123.1	ENST00000455239.1	19	100	21	0.904761904761905	consider_merging
SAMEA117622252	ENST00000266544.10	ENST00000504148.3	19	35	21	0.904761904761905	consider_merging
SAMEA117622252	ENST00000278618.9	ENST00000504148.3	19	24	21	0.904761904761905	consider_merging
SAMEA117622252	ENST00000372431.8	ENST00000504148.3	19	22	21	0.904761904761905	consider_merging
SAMEA117622252	ENST00000322989.8	ENST00000262213.7	28	160	31	0.903225806451613	consider_merging
SAMEA117622252	transcript408.chr19.nic	ENST00000308580.12	9	39	10	0.9	consider_merging
SAMEA117622252	ENST00000289371.11	ENST00000373008.7	17	40	19	0.894736842105263	ambiguous_quantification
SAMEA117622252	ENST00000293825.11	ENST00000373008.7	17	301	19	0.894736842105263	ambiguous_quantification
SAMEA117622252	transcript1309.chr19.nnic	ENST00000489288.7	32	36	618	0.888888888888889	ambiguous_quantification
SAMEA117622252	ENST00000490466.2	ENST00000372409.8	8	141	9	0.888888888888889	ambiguous_quantification
SAMEA117622252	ENST00000370994.8	ENST00000372409.8	8	141	9	0.888888888888889	ambiguous_quantification
SAMEA117622252	ENST00000372409.8	ENST00000372457.9	8	9	2021	0.888888888888889	ambiguous_quantification
SAMEA117622252	ENST00000309366.9	transcript1139.chr3.nnic	8	9	13	0.888888888888889	ambiguous_quantification
SAMEA117622252	transcript299.chr1.nic	transcript318.chr15.nic	8	9	86	0.888888888888889	ambiguous_quantification
SAMEA117622252	transcript299.chr1.nic	transcript1270.chr1.nic	8	9	22	0.888888888888889	ambiguous_quantification
SAMEA117622252	ENST00000368865.9	ENST00000369144.8	8	9	10	0.888888888888889	ambiguous_quantification
SAMEA117622252	ENST00000302386.10	ENST00000497931.5	8	16	9	0.888888888888889	ambiguous_quantification
SAMEA117622252	transcript646.chr7.nnic	ENST00000370693.5	8	9	11	0.888888888888889	ambiguous_quantification
SAMEA117622252	ENST00000393812.4	ENST00000596731.7	15	17	18	0.882352941176471	ambiguous_quantification
SAMEA117622252	ENST00000321521.13	transcript177.chr21.nnic	7	13	8	0.875	ambiguous_quantification
SAMEA117622252	transcript177.chr21.nnic	transcript266.chr22.nnic	7	8	10	0.875	ambiguous_quantification
SAMEA117622252	ENST00000392133.7	ENST00000504730.5	14	68	16	0.875	ambiguous_quantification
SAMEA117622252	ENST00000271002.15	ENST00000504730.5	14	19	16	0.875	ambiguous_quantification
SAMEA117622252	ENST00000611668.4	ENST00000504730.5	14	40	16	0.875	ambiguous_quantification
SAMEA117622252	ENST00000504730.5	ENST00000504762.1	14	16	22	0.875	ambiguous_quantification
SAMEA117622252	transcript636.chr10.nic	ENST00000360067.8	21	24	1284	0.875	ambiguous_quantification
SAMEA117622252	ENST00000247843.7	transcript216.chr2.nnic	7	8	11	0.875	ambiguous_quantification
SAMEA117622252	ENST00000474473.1	ENST00000248098.8	7	813	8	0.875	ambiguous_quantification
SAMEA117622252	transcript988.chr17.nnic	ENST00000248098.8	7	28	8	0.875	ambiguous_quantification
SAMEA117622252	transcript361.chr22.nnic	transcript939.chr5.nnic	7	155	8	0.875	ambiguous_quantification
SAMEA117622252	ENST00000393885.9	ENST00000393893.5	7	17	8	0.875	ambiguous_quantification
SAMEA117622252	ENST00000393893.5	ENST00000310564.10	7	8	11	0.875	ambiguous_quantification
SAMEA117622252	ENST00000393893.5	ENST00000355968.10	7	8	115	0.875	ambiguous_quantification
SAMEA117622252	ENST00000316409.2	ENST00000394642.7	7	8	235	0.875	ambiguous_quantification
SAMEA117622252	ENST00000548925.6	ENST00000313957.8	7	65	8	0.875	ambiguous_quantification
SAMEA117622252	ENST00000341116.7	ENST00000220966.10	60	69	183	0.869565217391304	ambiguous_quantification
SAMEA117622252	ENST00000307886.8	ENST00000525445.6	13	15	71	0.866666666666667	ambiguous_quantification
SAMEA117622252	ENST00000263384.12	ENST00000450285.5	1276	1473	31084	0.866259334691107	ambiguous_quantification
SAMEA117622252	ENST00000261712.8	ENST00000550920.6	19	581	22	0.863636363636364	ambiguous_quantification
SAMEA117622252	ENST00000263354.8	ENST00000696128.1	19	91	22	0.863636363636364	ambiguous_quantification
SAMEA117622252	ENST00000278618.9	ENST00000372431.8	19	24	22	0.863636363636364	ambiguous_quantification
SAMEA117622252	transcript454.chr7.nnic	ENST00000380668.10	12	21	14	0.857142857142857	ambiguous_quantification
SAMEA117622252	ENST00000380647.8	ENST00000380668.10	12	21	14	0.857142857142857	ambiguous_quantification
SAMEA117622252	ENST00000371341.5	transcript328.chr8.nnic	6	62	7	0.857142857142857	ambiguous_quantification
SAMEA117622252	ENST00000714446.1	ENST00000313899.12	6	21	7	0.857142857142857	ambiguous_quantification
SAMEA117622252	ENST00000619100.4	ENST00000522793.5	12	41	14	0.857142857142857	ambiguous_quantification
SAMEA117622252	transcript182.chr6.nnic	ENST00000358901.11	6	7	10	0.857142857142857	ambiguous_quantification
SAMEA117622252	ENST00000261712.8	ENST00000521262.5	6	581	7	0.857142857142857	ambiguous_quantification
SAMEA117622252	ENST00000521262.5	ENST00000550920.6	6	7	22	0.857142857142857	ambiguous_quantification
SAMEA117622252	ENST00000300249.10	ENST00000303391.11	30	35	39	0.857142857142857	ambiguous_quantification
SAMEA117622252	transcript40.chr9.nnic	transcript42.chr9.nnic	6	7	7	0.857142857142857	ambiguous_quantification
SAMEA117622252	ENST00000262265.10	ENST00000371674.8	6	27	7	0.857142857142857	ambiguous_quantification
SAMEA117622252	transcript880.chr17.nnic	ENST00000273861.5	18	45	21	0.857142857142857	ambiguous_quantification
SAMEA117622252	transcript672.chr17.nic	ENST00000381317.9	6	7	7	0.857142857142857	ambiguous_quantification
SAMEA117622252	ENST00000312377.10	ENST00000394588.3	6	7	62	0.857142857142857	ambiguous_quantification
SAMEA117622252	ENST00000319394.8	ENST00000361428.3	18	21	38	0.857142857142857	ambiguous_quantification
SAMEA117622252	ENST00000397298.8	ENST00000354193.5	6	33	7	0.857142857142857	ambiguous_quantification
SAMEA117622252	ENST00000354193.5	ENST00000750817.1	6	7	10	0.857142857142857	ambiguous_quantification
SAMEA117622252	ENST00000432493.5	ENST00000323064.12	6	14	7	0.857142857142857	ambiguous_quantification
SAMEA117622252	ENST00000665667.4	ENST00000323760.11	17	20	21	0.85	ambiguous_quantification
SAMEA117622252	ENST00000326631.7	ENST00000666526.3	11	13	13	0.846153846153846	ambiguous_quantification
SAMEA117622252	ENST00000374881.3	ENST00000666526.3	11	29	13	0.846153846153846	ambiguous_quantification
SAMEA117622252	ENST00000282999.7	transcript700.chr2.nnic	11	415	13	0.846153846153846	ambiguous_quantification
SAMEA117622252	transcript57.chr2.nnic	transcript700.chr2.nnic	11	14	13	0.846153846153846	ambiguous_quantification
SAMEA117622252	ENST00000301458.10	ENST00000393119.7	407	483	5093	0.842650103519669	ambiguous_quantification
SAMEA117622252	ENST00000392133.7	ENST00000271002.15	16	68	19	0.842105263157895	ambiguous_quantification
SAMEA117622252	ENST00000271002.15	ENST00000611668.4	16	19	40	0.842105263157895	ambiguous_quantification
SAMEA117622252	ENST00000271002.15	ENST00000504762.1	16	19	22	0.842105263157895	ambiguous_quantification
SAMEA117622252	ENST00000395168.7	ENST00000395454.6	61	73	90	0.835616438356164	ambiguous_quantification
SAMEA117622252	ENST00000361441.5	ENST00000372748.8	5	43	6	0.833333333333333	ambiguous_quantification
SAMEA117622252	ENST00000356815.4	ENST00000506679.5	5	79	6	0.833333333333333	ambiguous_quantification
SAMEA117622252	ENST00000531323.1	ENST00000438823.1	10	12	28	0.833333333333333	ambiguous_quantification
SAMEA117622252	transcript641.chr1.nic	ENST00000269373.11	5	6	8	0.833333333333333	ambiguous_quantification
SAMEA117622252	ENST00000255389.10	ENST00000379731.5	5	7	6	0.833333333333333	ambiguous_quantification
SAMEA117622252	ENST00000247178.6	ENST00000296702.9	5	6	12	0.833333333333333	ambiguous_quantification
SAMEA117622252	ENST00000474473.1	transcript988.chr17.nnic	23	813	28	0.821428571428571	ambiguous_quantification
SAMEA117622252	ENST00000230895.11	transcript631.chr14.nnic	127	76036	155	0.819354838709677	ambiguous_quantification
SAMEA117622252	ENST00000533723.1	transcript631.chr14.nnic	127	750	155	0.819354838709677	ambiguous_quantification
SAMEA117622252	transcript67.chr13.nic	transcript121.chr15.nic	9	11	11	0.818181818181818	ambiguous_quantification
SAMEA117622252	ENST00000296930.10	ENST00000549884.6	9	30	11	0.818181818181818	ambiguous_quantification
SAMEA117622252	ENST00000297488.10	ENST00000502922.5	18	22	29	0.818181818181818	ambiguous_quantification
SAMEA117622252	ENST00000266544.10	ENST00000490010.1	9	35	11	0.818181818181818	ambiguous_quantification
SAMEA117622252	ENST00000278618.9	ENST00000490010.1	9	24	11	0.818181818181818	ambiguous_quantification
SAMEA117622252	ENST00000372431.8	ENST00000490010.1	9	22	11	0.818181818181818	ambiguous_quantification
SAMEA117622252	ENST00000490010.1	ENST00000504148.3	9	11	21	0.818181818181818	ambiguous_quantification
SAMEA117622252	transcript562.chr3.nnic	ENST00000657001.1	9	75	11	0.818181818181818	ambiguous_quantification
SAMEA117622252	ENST00000685693.1	ENST00000302631.8	622	1737	764	0.81413612565445	ambiguous_quantification
SAMEA117622252	ENST00000541970.6	ENST00000466653.1	62	1246	77	0.805194805194805	ambiguous_quantification
SAMEA117622252	ENST00000394765.7	transcript169.chr6.nnic	4	5	11	0.8	ambiguous_quantification
SAMEA117622252	ENST00000394765.7	transcript95.chr17.nic	4	5	5	0.8	ambiguous_quantification
SAMEA117622252	transcript169.chr6.nnic	transcript95.chr17.nic	4	11	5	0.8	ambiguous_quantification
SAMEA117622252	ENST00000321521.13	transcript266.chr22.nnic	8	13	10	0.8	ambiguous_quantification
SAMEA117622252	ENST00000233627.14	transcript622.chr3.nnic	4	5	34	0.8	ambiguous_quantification
SAMEA117622252	ENST00000375094.4	ENST00000367630.9	8	101	10	0.8	ambiguous_quantification
SAMEA117622252	ENST00000367367.8	ENST00000367630.9	8	42	10	0.8	ambiguous_quantification
SAMEA117622252	ENST00000315927.9	ENST00000263918.9	4	5	5	0.8	ambiguous_quantification
SAMEA117622252	ENST00000372663.9	ENST00000269967.4	4	14	5	0.8	ambiguous_quantification
SAMEA117622252	ENST00000369025.6	ENST00000370025.9	4	5	5	0.8	ambiguous_quantification
SAMEA117622252	ENST00000588161.5	transcript1177.chr3.nnic	4	8	5	0.8	ambiguous_quantification
SAMEA117622252	ENST00000373055.6	ENST00000533418.5	4	5	5	0.8	ambiguous_quantification
SAMEA117622252	ENST00000548925.6	ENST00000310450.8	4	65	5	0.8	ambiguous_quantification
SAMEA117622252	ENST00000548925.6	ENST00000314797.10	4	65	5	0.8	ambiguous_quantification
SAMEA117622252	ENST00000310450.8	ENST00000313957.8	4	5	8	0.8	ambiguous_quantification
SAMEA117622252	ENST00000310450.8	ENST00000314797.10	4	5	5	0.8	ambiguous_quantification
SAMEA117622252	ENST00000313957.8	ENST00000314797.10	4	8	5	0.8	ambiguous_quantification
SAMEA117622252	ENST00000259089.9	ENST00000330843.9	8	10	197	0.8	ambiguous_quantification
SAMEA117622252	ENST00000259089.9	ENST00000737251.1	8	10	27	0.8	ambiguous_quantification
SAMEA117622252	ENST00000397298.8	ENST00000750817.1	8	33	10	0.8	ambiguous_quantification
SAMEA117622252	ENST00000643777.4	ENST00000322244.10	16	673	20	0.8	ambiguous_quantification
SAMEA117622252	ENST00000216218.8	ENST00000216259.8	4	6	5	0.8	ambiguous_quantification
SAMEA117622252	ENST00000307886.8	ENST00000550164.6	12	15	28	0.8	ambiguous_quantification
SAMEA117622252	transcript376.chr9.nic	transcript503.chr17.nnic	4	5	5	0.8	ambiguous_quantification
SAMEA117622252	ENST00000336811.10	transcript884.chr7.nnic	4	23	5	0.8	ambiguous_quantification
SAMEA117622252	ENST00000266544.10	ENST00000278618.9	19	35	24	0.791666666666667	ambiguous_quantification
SAMEA117622252	ENST00000282999.7	transcript57.chr2.nnic	11	415	14	0.785714285714286	ambiguous_quantification
SAMEA117622252	ENST00000301458.10	ENST00000301729.9	379	483	29996	0.784679089026915	ambiguous_quantification
SAMEA117622252	transcript646.chr7.nnic	ENST00000645668.2	7	9	13	0.777777777777778	ambiguous_quantification
SAMEA117622252	ENST00000392133.7	ENST00000504762.1	17	68	22	0.772727272727273	ambiguous_quantification
SAMEA117622252	ENST00000585124.6	transcript2108.chr6.nnic	17	22	29	0.772727272727273	ambiguous_quantification
SAMEA117622252	ENST00000284320.6	transcript601.chr14.nnic	183	30221	240	0.7625	ambiguous_quantification
SAMEA117622252	ENST00000284818.7	transcript601.chr14.nnic	183	6834	240	0.7625	ambiguous_quantification
SAMEA117622252	transcript601.chr14.nnic	transcript850.chr7.nnic	183	240	4967	0.7625	ambiguous_quantification
SAMEA117622252	ENST00000301729.9	ENST00000392088.6	2335	29996	3071	0.760338651904917	ambiguous_quantification
SAMEA117622252	ENST00000348007.7	ENST00000361804.5	19	25	538	0.76	ambiguous_quantification
SAMEA117622252	ENST00000221233.9	transcript530.chr16.nnic	3	11	4	0.75	ambiguous_quantification
SAMEA117622252	ENST00000374500.10	ENST00000348564.12	3	4	4	0.75	ambiguous_quantification
SAMEA117622252	ENST00000559596.6	ENST00000371728.8	3	147	4	0.75	ambiguous_quantification
SAMEA117622252	ENST00000305321.4_1	ENST00000371728.8	3	11	4	0.75	ambiguous_quantification
SAMEA117622252	ENST00000262177.9	ENST00000262613.10	3	4	19	0.75	ambiguous_quantification
SAMEA117622252	ENST00000380839.9	ENST00000380860.8	42	253	56	0.75	ambiguous_quantification
SAMEA117622252	ENST00000260324.12	transcript1184.chr17.nnic	12	67	16	0.75	ambiguous_quantification
SAMEA117622252	ENST00000393190.4	ENST00000336079.8	3	14	4	0.75	ambiguous_quantification
SAMEA117622252	ENST00000592727.3	ENST00000370963.9	3	4	33	0.75	ambiguous_quantification
SAMEA117622252	ENST00000444393.7	transcript276.chr9.nic	3	135	4	0.75	ambiguous_quantification
SAMEA117622252	ENST00000444393.7	ENST00000342745.5	3	135	4	0.75	ambiguous_quantification
SAMEA117622252	transcript276.chr9.nic	ENST00000342745.5	3	4	4	0.75	ambiguous_quantification
SAMEA117622252	ENST00000588282.5	ENST00000621469.5	3	4	6	0.75	ambiguous_quantification
SAMEA117622252	transcript485.chr15.nnic	ENST00000448299.7	3	4	9	0.75	ambiguous_quantification
SAMEA117622252	ENST00000300692.9	ENST00000221922.11	3	4	4	0.75	ambiguous_quantification
SAMEA117622252	ENST00000373212.6	ENST00000692080.3	9	78	12	0.75	ambiguous_quantification
SAMEA117622252	ENST00000368738.4	transcript1125.chr11.nnic	3	18	4	0.75	ambiguous_quantification
SAMEA117622252	ENST00000591462.6	ENST00000623091.3	3	239	4	0.75	ambiguous_quantification
SAMEA117622252	transcript1755.chr1.nic	transcript939.chr5.nnic	6	13	8	0.75	ambiguous_quantification
SAMEA117622252	ENST00000372805.8	ENST00000281513.10	3	4	4	0.75	ambiguous_quantification
SAMEA117622252	ENST00000301159.14	ENST00000362074.8	6	8	580	0.75	ambiguous_quantification
SAMEA117622252	ENST00000477244.5	ENST00000311417.7	6	129	8	0.75	ambiguous_quantification
SAMEA117622252	ENST00000319285.5	ENST00000278060.10	3	9	4	0.75	ambiguous_quantification
SAMEA117622252	ENST00000319285.5	ENST00000280614.4	3	9	4	0.75	ambiguous_quantification
SAMEA117622252	ENST00000278060.10	ENST00000280614.4	3	4	4	0.75	ambiguous_quantification
SAMEA117622252	ENST00000392222.7	ENST00000323646.9	3	10	4	0.75	ambiguous_quantification
SAMEA117622252	transcript813.chr10.nnic	ENST00000343043.7	3	4	7	0.75	ambiguous_quantification
SAMEA117622252	ENST00000253788.12	ENST00000374257.6	3	19	4	0.75	ambiguous_quantification
SAMEA117622252	ENST00000687553.3	ENST00000376624.8	6	18	8	0.75	ambiguous_quantification
SAMEA117622252	transcript218.chr14.nic	ENST00000309134.9	3	4	4	0.75	ambiguous_quantification
SAMEA117622252	ENST00000310256.7	transcript517.chr5.nic	3	15	4	0.75	ambiguous_quantification
SAMEA117622252	ENST00000611668.4	ENST00000504762.1	16	40	22	0.727272727272727	ambiguous_quantification
SAMEA117622252	ENST00000310564.10	ENST00000355968.10	8	11	115	0.727272727272727	ambiguous_quantification
SAMEA117622252	transcript1270.chr12.nic	ENST00000358308.7	5	537	7	0.714285714285714	ambiguous_quantification
SAMEA117622252	ENST00000233893.10	ENST00000371568.8	5	7	7	0.714285714285714	ambiguous_quantification
SAMEA117622252	transcript182.chr6.nnic	ENST00000359634.10	5	7	35	0.714285714285714	ambiguous_quantification
SAMEA117622252	ENST00000711160.1	ENST00000674435.1	5	32	7	0.714285714285714	ambiguous_quantification
SAMEA117622252	ENST00000602389.1	ENST00000372158.6	5	10	7	0.714285714285714	ambiguous_quantification
SAMEA117622252	ENST00000317271.3	ENST00000005995.8	5	19	7	0.714285714285714	ambiguous_quantification
SAMEA117622252	ENST00000301458.10	ENST00000392088.6	342	483	3071	0.708074534161491	ambiguous_quantification
SAMEA117622252	ENST00000260324.12	ENST00000393812.4	12	67	17	0.705882352941177	ambiguous_quantification
SAMEA117622252	ENST00000551018.5	ENST00000360729.8	7	18	10	0.7	ambiguous_quantification
SAMEA117622252	ENST00000301458.10	ENST00000356232.10	336	483	579	0.695652173913043	ambiguous_quantification
SAMEA117622252	ENST00000301729.9	ENST00000393119.7	3496	29996	5093	0.686432358138622	ambiguous_quantification
SAMEA117622252	ENST00000490466.2	ENST00000372457.9	96	141	2021	0.680851063829787	ambiguous_quantification
SAMEA117622252	ENST00000370994.8	ENST00000372457.9	96	141	2021	0.680851063829787	ambiguous_quantification
SAMEA117622252	ENST00000361441.5	transcript191.chr15.nic	2	43	3	0.666666666666667	ambiguous_quantification
SAMEA117622252	ENST00000361441.5	ENST00000372476.8	2	43	3	0.666666666666667	ambiguous_quantification
SAMEA117622252	transcript191.chr15.nic	ENST00000372476.8	2	3	3	0.666666666666667	ambiguous_quantification
SAMEA117622252	transcript191.chr15.nic	ENST00000372748.8	2	3	6	0.666666666666667	ambiguous_quantification
SAMEA117622252	ENST00000372476.8	ENST00000372748.8	2	3	6	0.666666666666667	ambiguous_quantification
SAMEA117622252	ENST00000484427.5	ENST00000565096.6	2	53	3	0.666666666666667	ambiguous_quantification
SAMEA117622252	ENST00000311507.9	ENST00000340573.8	2	3	3	0.666666666666667	ambiguous_quantification
SAMEA117622252	ENST00000370476.10	ENST00000254029.8	2	3	3	0.666666666666667	ambiguous_quantification
SAMEA117622252	ENST00000242592.9	ENST00000710866.1	2	6	3	0.666666666666667	ambiguous_quantification
SAMEA117622252	ENST00000710866.1	transcript2655.chr6.nnic	2	3	5	0.666666666666667	ambiguous_quantification
SAMEA117622252	ENST00000351111.7	transcript886.chr10.nnic	2	3	13	0.666666666666667	ambiguous_quantification
SAMEA117622252	ENST00000287437.8	ENST00000296273.7	2	3	4	0.666666666666667	ambiguous_quantification
SAMEA117622252	ENST00000260324.12	ENST00000596731.7	12	67	18	0.666666666666667	ambiguous_quantification
SAMEA117622252	ENST00000378616.5	transcript722.chr12.nic	2	26	3	0.666666666666667	ambiguous_quantification
SAMEA117622252	ENST00000697816.1	ENST00000249647.8	2	20	3	0.666666666666667	ambiguous_quantification
SAMEA117622252	ENST00000332298.9	ENST00000389169.9	2	9	3	0.666666666666667	ambiguous_quantification
SAMEA117622252	ENST00000302503.8	transcript592.chr16.nic	2	13	3	0.666666666666667	ambiguous_quantification
SAMEA117622252	ENST00000379056.5	transcript1048.chr7.nnic	2	4	3	0.666666666666667	ambiguous_quantification
SAMEA117622252	ENST00000361234.10	transcript920.chr17.nnic	2	27	3	0.666666666666667	ambiguous_quantification
SAMEA117622252	ENST00000220592.10	transcript270.chr13.nic	2	5	3	0.666666666666667	ambiguous_quantification
SAMEA117622252	ENST00000593495.4	ENST00000219302.8	2	3	3	0.666666666666667	ambiguous_quantification
SAMEA117622252	transcript2129.chr1.nnic	ENST00000520817.6	2	3	4	0.666666666666667	ambiguous_quantification
SAMEA117622252	ENST00000258091.10	ENST00000701662.1	4	33	6	0.666666666666667	ambiguous_quantification
SAMEA117622252	ENST00000715724.1	ENST00000297785.8	2	8	3	0.666666666666667	ambiguous_quantification
SAMEA117622252	ENST00000447388.8	transcript58.chr9.nic	2	3	3	0.666666666666667	ambiguous_quantification
SAMEA117622252	ENST00000409276.5	transcript2628.chr6.nic	2	3	3	0.666666666666667	ambiguous_quantification
SAMEA117622252	ENST00000308982.12	ENST00000417721.6	2	5	3	0.666666666666667	ambiguous_quantification
SAMEA117622252	ENST00000407422.8	ENST00000416202.6	2	19	3	0.666666666666667	ambiguous_quantification
SAMEA117622252	ENST00000325748.9	ENST00000339728.6	2	3	4	0.666666666666667	ambiguous_quantification
SAMEA117622252	transcript223.chr14.nic	ENST00000449758.6	4	6	6	0.666666666666667	ambiguous_quantification
SAMEA117622252	ENST00000202773.14	ENST00000216181.11	2	4	3	0.666666666666667	ambiguous_quantification
SAMEA117622252	ENST00000216181.11	ENST00000423313.6	2	3	4	0.666666666666667	ambiguous_quantification
SAMEA117622252	ENST00000273861.5	ENST00000358239.8	14	21	73	0.666666666666667	ambiguous_quantification
SAMEA117622252	ENST00000454402.7	transcript767.chr8.nnic	6	9	10	0.666666666666667	ambiguous_quantification
SAMEA117622252	ENST00000366560.4	transcript109.chr10.nnic	4	13	6	0.666666666666667	ambiguous_quantification
SAMEA117622252	ENST00000642475.1	ENST00000651302.1	4	6	9	0.666666666666667	ambiguous_quantification
SAMEA117622252	ENST00000218516.4	ENST00000296577.9	2	3	8	0.666666666666667	ambiguous_quantification
SAMEA117622252	ENST00000218516.4	ENST00000455784.7	2	3	4	0.666666666666667	ambiguous_quantification
SAMEA117622252	ENST00000353214.6	ENST00000437150.7	2	7	3	0.666666666666667	ambiguous_quantification
SAMEA117622252	ENST00000333256.11	ENST00000569417.6	2	3	4	0.666666666666667	ambiguous_quantification
SAMEA117622252	ENST00000373548.8	ENST00000317235.11	2	60	3	0.666666666666667	ambiguous_quantification
SAMEA117622252	ENST00000401419.7	ENST00000442823.4	4	35	6	0.666666666666667	ambiguous_quantification
SAMEA117622252	ENST00000442526.3	ENST00000442823.4	4	8	6	0.666666666666667	ambiguous_quantification
SAMEA117622252	ENST00000306704.10	ENST00000450333.6	2	3	4	0.666666666666667	ambiguous_quantification
SAMEA117622252	ENST00000376918.7	ENST00000376936.9	2	4	3	0.666666666666667	ambiguous_quantification
SAMEA117622252	ENST00000690968.2	ENST00000343666.6	2	3	25	0.666666666666667	ambiguous_quantification
SAMEA117622252	ENST00000556840.5	ENST00000474879.7	2	4	3	0.666666666666667	ambiguous_quantification
SAMEA117622252	transcript42.chr15.nic	ENST00000715703.1	2	3	5	0.666666666666667	ambiguous_quantification
SAMEA117622252	ENST00000663595.2	ENST00000634734.3	2	9	3	0.666666666666667	ambiguous_quantification
SAMEA117622252	ENST00000308436.11	ENST00000687553.3	12	18	18	0.666666666666667	ambiguous_quantification
SAMEA117622252	transcript257.chr9.nnic	transcript871.chr7.nnic	24	630	37	0.648648648648649	ambiguous_quantification
SAMEA117622252	ENST00000481541.1	ENST00000366932.4	84	130	679	0.646153846153846	ambiguous_quantification
SAMEA117622252	ENST00000599705.1	ENST00000288466.11	18	1015	28	0.642857142857143	ambiguous_quantification
SAMEA117622252	ENST00000393885.9	ENST00000310564.10	7	17	11	0.636363636363636	ambiguous_quantification
SAMEA117622252	ENST00000481541.1	ENST00000504348.5	82	130	142	0.630769230769231	ambiguous_quantification
SAMEA117622252	ENST00000219150.10	ENST00000297534.7	29	915	46	0.630434782608696	ambiguous_quantification
SAMEA117622252	ENST00000301729.9	ENST00000356232.10	364	29996	579	0.6286701208981	ambiguous_quantification
SAMEA117622252	ENST00000677123.1	ENST00000454308.6	5	100	8	0.625	ambiguous_quantification
SAMEA117622252	ENST00000454308.6	ENST00000455239.1	5	8	21	0.625	ambiguous_quantification
SAMEA117622252	ENST00000356232.10	ENST00000392088.6	356	579	3071	0.614853195164076	ambiguous_quantification
SAMEA117622252	ENST00000356232.10	ENST00000393119.7	351	579	5093	0.606217616580311	ambiguous_quantification
SAMEA117622252	transcript952.chr2.nnic	ENST00000393119.7	402	665	5093	0.604511278195489	ambiguous_quantification
SAMEA117622252	ENST00000258383.4	ENST00000533379.1	3	6	5	0.6	ambiguous_quantification
SAMEA117622252	transcript833.chr19.nnic	ENST00000278407.9	3	5	32	0.6	ambiguous_quantification
SAMEA117622252	transcript833.chr19.nnic	ENST00000278927.10	3	5	11	0.6	ambiguous_quantification
SAMEA117622252	ENST00000263461.11	transcript634.chr7.nic	3	6	5	0.6	ambiguous_quantification
SAMEA117622252	ENST00000263461.11	ENST00000463139.5	3	6	5	0.6	ambiguous_quantification
SAMEA117622252	transcript634.chr7.nic	transcript867.chr10.nnic	3	5	13	0.6	ambiguous_quantification
SAMEA117622252	transcript634.chr7.nic	ENST00000463139.5	3	5	5	0.6	ambiguous_quantification
SAMEA117622252	transcript867.chr10.nnic	ENST00000463139.5	3	13	5	0.6	ambiguous_quantification
SAMEA117622252	ENST00000236957.9	ENST00000403532.7	6	903	10	0.6	ambiguous_quantification
SAMEA117622252	ENST00000403532.7	ENST00000649386.2	6	10	77	0.6	ambiguous_quantification
SAMEA117622252	ENST00000530167.2	transcript464.chr20.nnic	3	5	6	0.6	ambiguous_quantification
SAMEA117622252	ENST00000338369.6	transcript636.chr15.nnic	3	39	5	0.6	ambiguous_quantification
SAMEA117622252	transcript636.chr15.nnic	ENST00000822326.1	3	5	6	0.6	ambiguous_quantification
SAMEA117622252	ENST00000242592.9	transcript2655.chr6.nnic	3	6	5	0.6	ambiguous_quantification
SAMEA117622252	transcript344.chr17.nic	ENST00000254605.11	3	13	5	0.6	ambiguous_quantification
SAMEA117622252	transcript641.chr1.nic	transcript1113.chr1.nnic	3	6	5	0.6	ambiguous_quantification
SAMEA117622252	transcript1113.chr1.nnic	ENST00000269373.11	3	5	8	0.6	ambiguous_quantification
SAMEA117622252	transcript2618.chr6.nnic	ENST00000449759.2	3	5	5	0.6	ambiguous_quantification
SAMEA117622252	ENST00000359904.8	ENST00000373824.9	3	5	7	0.6	ambiguous_quantification
SAMEA117622252	transcript1079.chr1.nic	ENST00000369124.5	3	5	5	0.6	ambiguous_quantification
SAMEA117622252	transcript1292.chr6.nnic	ENST00000644028.1	3	56	5	0.6	ambiguous_quantification
SAMEA117622252	transcript203.chr8.nnic	ENST00000319023.7	3	171	5	0.6	ambiguous_quantification
SAMEA117622252	ENST00000375094.4	ENST00000367367.8	25	101	42	0.595238095238095	ambiguous_quantification
SAMEA117622252	ENST00000330978.4	ENST00000293373.11	10	27	17	0.588235294117647	ambiguous_quantification
SAMEA117622252	ENST00000321348.9	ENST00000380861.10	14	4558	24	0.583333333333333	ambiguous_quantification
SAMEA117622252	ENST00000361778.7	ENST00000456397.7	14	24	39	0.583333333333333	ambiguous_quantification
SAMEA117622252	ENST00000219066.5	ENST00000578611.5	7	116	12	0.583333333333333	ambiguous_quantification
SAMEA117622252	transcript952.chr2.nnic	ENST00000356232.10	336	665	579	0.580310880829015	ambiguous_quantification
SAMEA117622252	ENST00000366932.4	ENST00000504348.5	82	679	142	0.577464788732394	ambiguous_quantification
SAMEA117622252	ENST00000407022.7	transcript234.chr14.nnic	15	26	37	0.576923076923077	ambiguous_quantification
SAMEA117622252	transcript682.chr5.nnic	transcript346.chr17.nic	8	245	14	0.571428571428571	ambiguous_quantification
SAMEA117622252	ENST00000376621.8	ENST00000393881.7	4	13	7	0.571428571428571	ambiguous_quantification
SAMEA117622252	ENST00000302165.5	ENST00000362074.8	4	7	580	0.571428571428571	ambiguous_quantification
SAMEA117622252	ENST00000262633.9	ENST00000420141.3	4	7	7	0.571428571428571	ambiguous_quantification
SAMEA117622252	ENST00000330843.9	ENST00000737251.1	15	197	27	0.555555555555556	ambiguous_quantification
SAMEA117622252	ENST00000383791.8	ENST00000367697.7	11	103	20	0.55	ambiguous_quantification
SAMEA117622252	ENST00000361778.7	ENST00000367697.7	11	24	20	0.55	ambiguous_quantification
SAMEA117622252	ENST00000367697.7	ENST00000456397.7	11	20	39	0.55	ambiguous_quantification
SAMEA117622252	ENST00000361745.10	ENST00000401507.7	11	296	20	0.55	ambiguous_quantification
SAMEA117622252	ENST00000392088.6	ENST00000393119.7	1687	3071	5093	0.549332464995116	ambiguous_quantification
SAMEA117622252	ENST00000301729.9	transcript952.chr2.nnic	359	29996	665	0.53984962406015	ambiguous_quantification
SAMEA117622252	transcript361.chr22.nnic	transcript1755.chr1.nic	7	155	13	0.538461538461538	ambiguous_quantification
SAMEA117622252	ENST00000381209.8	ENST00000262213.7	16	829	31	0.516129032258065	ambiguous_quantification
SAMEA117622252	ENST00000262213.7	ENST00000263697.6	16	31	83	0.516129032258065	ambiguous_quantification
SAMEA117622252	transcript952.chr2.nnic	ENST00000392088.6	337	665	3071	0.506766917293233	ambiguous_quantification
SAMEA117622252	ENST00000356476.3	ENST00000802692.1	1	2	3	0.5	ambiguous_quantification
SAMEA117622252	ENST00000507277.2	transcript737.chr14.nnic	1	64	2	0.5	ambiguous_quantification
SAMEA117622252	ENST00000257818.3	transcript243.chr2.nnic	1	4	2	0.5	ambiguous_quantification
SAMEA117622252	ENST00000372514.7	ENST00000394976.4	2	5	4	0.5	ambiguous_quantification
SAMEA117622252	ENST00000678242.1	ENST00000372904.7	1	7	2	0.5	ambiguous_quantification
SAMEA117622252	ENST00000697730.1	transcript60.chr10.nic	1	5	2	0.5	ambiguous_quantification
SAMEA117622252	ENST00000533244.6	transcript394.chr10.nnic	1	5	2	0.5	ambiguous_quantification
SAMEA117622252	transcript37.chr6.nnic	ENST00000264080.12	1	2	5	0.5	ambiguous_quantification
SAMEA117622252	ENST00000307227.10	ENST00000312499.6	2	4	13	0.5	ambiguous_quantification
SAMEA117622252	ENST00000323760.11	ENST00000354473.4	1	21	2	0.5	ambiguous_quantification
SAMEA117622252	ENST00000491272.2	ENST00000336714.8	1	22	2	0.5	ambiguous_quantification
SAMEA117622252	ENST00000373162.5	ENST00000373840.9	1	2	2	0.5	ambiguous_quantification
SAMEA117622252	ENST00000426877.2	ENST00000656535.2	3	11	6	0.5	ambiguous_quantification
SAMEA117622252	ENST00000326631.7	ENST00000656535.2	3	13	6	0.5	ambiguous_quantification
SAMEA117622252	ENST00000374881.3	ENST00000656535.2	3	29	6	0.5	ambiguous_quantification
SAMEA117622252	ENST00000656535.2	ENST00000666526.3	3	6	13	0.5	ambiguous_quantification
SAMEA117622252	ENST00000431849.3	ENST00000370768.7	2	7	4	0.5	ambiguous_quantification
SAMEA117622252	ENST00000371014.5	ENST00000372185.5	1	2	3	0.5	ambiguous_quantification
SAMEA117622252	ENST00000409074.8	ENST00000371014.5	1	2	2	0.5	ambiguous_quantification
SAMEA117622252	ENST00000356509.7	ENST00000409074.8	1	2	2	0.5	ambiguous_quantification
SAMEA117622252	ENST00000392593.9	ENST00000265838.9	2	4	5	0.5	ambiguous_quantification
SAMEA117622252	ENST00000338369.6	ENST00000822326.1	3	39	6	0.5	ambiguous_quantification
SAMEA117622252	transcript1117.chr12.nic	transcript383.chr10.nnic	3	6	15	0.5	ambiguous_quantification
SAMEA117622252	ENST00000372257.7	ENST00000652287.1	1	14	2	0.5	ambiguous_quantification
SAMEA117622252	ENST00000233627.14	ENST00000696963.1	2	5	4	0.5	ambiguous_quantification
SAMEA117622252	transcript622.chr3.nnic	ENST00000696963.1	2	34	4	0.5	ambiguous_quantification
SAMEA117622252	transcript244.chr4.nic	ENST00000521389.6	2	4	4	0.5	ambiguous_quantification
SAMEA117622252	ENST00000258955.7	ENST00000447630.5	1	2	3	0.5	ambiguous_quantification
SAMEA117622252	ENST00000368174.5	ENST00000418539.2	1	8	2	0.5	ambiguous_quantification
SAMEA117622252	ENST00000369023.8	ENST00000418533.6	1	2	2	0.5	ambiguous_quantification
SAMEA117622252	ENST00000369023.8	ENST00000418539.2	1	2	2	0.5	ambiguous_quantification
SAMEA117622252	ENST00000418533.6	ENST00000418539.2	1	2	2	0.5	ambiguous_quantification
SAMEA117622252	transcript427.chr11.nnic	ENST00000332503.6	1	2	2	0.5	ambiguous_quantification
SAMEA117622252	transcript427.chr11.nnic	ENST00000357743.9	1	2	2	0.5	ambiguous_quantification
SAMEA117622252	ENST00000332503.6	ENST00000357743.9	1	2	2	0.5	ambiguous_quantification
SAMEA117622252	ENST00000378546.9	ENST00000478424.5	1	2	2	0.5	ambiguous_quantification
SAMEA117622252	ENST00000395633.5	ENST00000366777.4	1	2	2	0.5	ambiguous_quantification
SAMEA117622252	ENST00000287437.8	ENST00000367600.5	1	3	2	0.5	ambiguous_quantification
SAMEA117622252	ENST00000296273.7	ENST00000367600.5	1	4	2	0.5	ambiguous_quantification
SAMEA117622252	transcript227.chr17.nic	transcript2526.chr6.nnic	1	2	2	0.5	ambiguous_quantification
SAMEA117622252	transcript2526.chr6.nnic	ENST00000367261.8	1	2	5	0.5	ambiguous_quantification
SAMEA117622252	ENST00000358901.11	ENST00000359634.10	5	10	35	0.5	ambiguous_quantification
SAMEA117622252	ENST00000259727.5	ENST00000642610.2	1	2	8	0.5	ambiguous_quantification
SAMEA117622252	ENST00000011653.9	transcript661.chr11.nnic	1	16	2	0.5	ambiguous_quantification
SAMEA117622252	ENST00000011653.9	transcript874.chr2.nnic	1	16	2	0.5	ambiguous_quantification
SAMEA117622252	transcript594.chr8.nnic	transcript661.chr11.nnic	1	4	2	0.5	ambiguous_quantification
SAMEA117622252	transcript594.chr8.nnic	transcript874.chr2.nnic	1	4	2	0.5	ambiguous_quantification
SAMEA117622252	transcript661.chr11.nnic	transcript874.chr2.nnic	1	2	2	0.5	ambiguous_quantification
SAMEA117622252	transcript191.chr7.nic	ENST00000740527.1	3	48	6	0.5	ambiguous_quantification
SAMEA117622252	transcript506.chr19.nic	transcript650.chr3.nnic	1	2	3	0.5	ambiguous_quantification
SAMEA117622252	transcript506.chr19.nic	ENST00000764479.1	1	2	7	0.5	ambiguous_quantification
SAMEA117622252	transcript1850.chr1.nnic	transcript274.chr15.nnic	1	3	2	0.5	ambiguous_quantification
SAMEA117622252	ENST00000697816.1	ENST00000328834.10	1	20	2	0.5	ambiguous_quantification
SAMEA117622252	ENST00000249647.8	ENST00000328834.10	1	3	2	0.5	ambiguous_quantification
SAMEA117622252	ENST00000526683.6	ENST00000488338.2	2	37	4	0.5	ambiguous_quantification
SAMEA117622252	ENST00000373912.8	ENST00000545507.6	1	4	2	0.5	ambiguous_quantification
SAMEA117622252	ENST00000265857.8	ENST00000344138.9	1	2	2	0.5	ambiguous_quantification
SAMEA117622252	ENST00000287667.12	ENST00000288111.12	1	2	2	0.5	ambiguous_quantification
SAMEA117622252	ENST00000287667.12	ENST00000389629.9	1	2	11	0.5	ambiguous_quantification
SAMEA117622252	ENST00000287667.12	ENST00000389704.4	1	2	3	0.5	ambiguous_quantification
SAMEA117622252	ENST00000287667.12	ENST00000389709.8	1	2	2	0.5	ambiguous_quantification
SAMEA117622252	ENST00000288111.12	ENST00000389629.9	1	2	11	0.5	ambiguous_quantification
SAMEA117622252	ENST00000288111.12	ENST00000389704.4	1	2	3	0.5	ambiguous_quantification
SAMEA117622252	ENST00000288111.12	ENST00000389709.8	1	2	2	0.5	ambiguous_quantification
SAMEA117622252	ENST00000389629.9	ENST00000389709.8	1	11	2	0.5	ambiguous_quantification
SAMEA117622252	ENST00000389704.4	ENST00000389709.8	1	3	2	0.5	ambiguous_quantification
SAMEA117622252	ENST00000355151.9	transcript706.chr1.nnic	1	6	2	0.5	ambiguous_quantification
SAMEA117622252	ENST00000292494.11	transcript1098.chr2.nic	1	3	2	0.5	ambiguous_quantification
SAMEA117622252	transcript331.chr1.nnic	ENST00000367064.9	1	12	2	0.5	ambiguous_quantification
SAMEA117622252	ENST00000367064.9	ENST00000392720.6	1	2	8	0.5	ambiguous_quantification
SAMEA117622252	ENST00000367064.9	ENST00000356940.11	1	2	3	0.5	ambiguous_quantification
SAMEA117622252	ENST00000249299.7	ENST00000234420.11	1	344	2	0.5	ambiguous_quantification
SAMEA117622252	ENST00000416769.2	ENST00000416858.7	1	2	2	0.5	ambiguous_quantification
SAMEA117622252	ENST00000416769.2	ENST00000417237.5	1	2	10	0.5	ambiguous_quantification
SAMEA117622252	ENST00000416769.2	ENST00000417253.7	1	2	4	0.5	ambiguous_quantification
SAMEA117622252	ENST00000416769.2	ENST00000417952.5	1	2	16	0.5	ambiguous_quantification
SAMEA117622252	ENST00000416769.2	ENST00000418105.5	1	2	24	0.5	ambiguous_quantification
SAMEA117622252	ENST00000416769.2	ENST00000418304.1	1	2	95	0.5	ambiguous_quantification
SAMEA117622252	ENST00000416769.2	ENST00000614708.1	1	2	22	0.5	ambiguous_quantification
SAMEA117622252	ENST00000416769.2	ENST00000615991.1	1	2	19	0.5	ambiguous_quantification
SAMEA117622252	ENST00000416858.7	ENST00000417237.5	1	2	10	0.5	ambiguous_quantification
SAMEA117622252	ENST00000416858.7	ENST00000417253.7	1	2	4	0.5	ambiguous_quantification
SAMEA117622252	ENST00000416858.7	ENST00000417952.5	1	2	16	0.5	ambiguous_quantification
SAMEA117622252	ENST00000416858.7	ENST00000418105.5	1	2	24	0.5	ambiguous_quantification
SAMEA117622252	ENST00000416858.7	ENST00000418304.1	1	2	95	0.5	ambiguous_quantification
SAMEA117622252	ENST00000416858.7	ENST00000614708.1	1	2	22	0.5	ambiguous_quantification
SAMEA117622252	ENST00000416858.7	ENST00000615991.1	1	2	19	0.5	ambiguous_quantification
SAMEA117622252	ENST00000417253.7	ENST00000418304.1	2	4	95	0.5	ambiguous_quantification
SAMEA117622252	ENST00000417253.7	ENST00000614708.1	2	4	22	0.5	ambiguous_quantification
SAMEA117622252	ENST00000417253.7	ENST00000615991.1	2	4	19	0.5	ambiguous_quantification
SAMEA117622252	ENST00000199706.13	ENST00000238146.9	1	6	2	0.5	ambiguous_quantification
SAMEA117622252	ENST00000315423.12	ENST00000373358.8	1	3	2	0.5	ambiguous_quantification
SAMEA117622252	ENST00000394920.6	ENST00000253251.12	1	2	6	0.5	ambiguous_quantification
SAMEA117622252	ENST00000295682.6	ENST00000398104.6	1	2	4	0.5	ambiguous_quantification
SAMEA117622252	ENST00000302445.8	ENST00000261636.13	1	15	2	0.5	ambiguous_quantification
SAMEA117622252	ENST00000302445.8	ENST00000263280.11	1	15	2	0.5	ambiguous_quantification
SAMEA117622252	ENST00000261636.13	ENST00000263280.11	1	2	2	0.5	ambiguous_quantification
SAMEA117622252	ENST00000261636.13	ENST00000354216.11	1	2	3	0.5	ambiguous_quantification
SAMEA117622252	ENST00000263280.11	ENST00000354216.11	1	2	3	0.5	ambiguous_quantification
SAMEA117622252	ENST00000315927.9	ENST00000246071.8	1	5	2	0.5	ambiguous_quantification
SAMEA117622252	ENST00000246071.8	ENST00000263918.9	1	2	5	0.5	ambiguous_quantification
SAMEA117622252	ENST00000225665.12	transcript20.chr9.nnic	1	2	2	0.5	ambiguous_quantification
SAMEA117622252	transcript223.chr14.nic	transcript391.chr5.nic	3	6	8	0.5	ambiguous_quantification
SAMEA117622252	transcript391.chr5.nic	ENST00000449758.6	3	8	6	0.5	ambiguous_quantification
SAMEA117622252	transcript223.chr14.nic	ENST00000449648.3	2	6	4	0.5	ambiguous_quantification
SAMEA117622252	ENST00000449648.3	ENST00000449758.6	2	4	6	0.5	ambiguous_quantification
SAMEA117622252	ENST00000202773.14	ENST00000423313.6	2	4	4	0.5	ambiguous_quantification
SAMEA117622252	ENST00000586636.5	transcript1320.chr19.nic	1	3	2	0.5	ambiguous_quantification
SAMEA117622252	transcript1320.chr19.nic	ENST00000270233.12	1	2	3	0.5	ambiguous_quantification
SAMEA117622252	transcript530.chr1.nic	ENST00000265069.13	1	3	2	0.5	ambiguous_quantification
SAMEA117622252	transcript1240.chr1.nic	transcript2829.chr6.nnic	1	6	2	0.5	ambiguous_quantification
SAMEA117622252	transcript2829.chr6.nnic	ENST00000579788.6	1	2	5	0.5	ambiguous_quantification
SAMEA117622252	ENST00000370509.5	ENST00000219345.10	1	2	2	0.5	ambiguous_quantification
SAMEA117622252	ENST00000360079.8	ENST00000290130.4	1	4	2	0.5	ambiguous_quantification
SAMEA117622252	ENST00000464190.6	ENST00000284856.4	1	4	2	0.5	ambiguous_quantification
SAMEA117622252	ENST00000442510.8	ENST00000284856.4	1	9	2	0.5	ambiguous_quantification
SAMEA117622252	ENST00000425248.5	ENST00000426546.7	1	2	8	0.5	ambiguous_quantification
SAMEA117622252	ENST00000215567.10	ENST00000268835.7	1	4	2	0.5	ambiguous_quantification
SAMEA117622252	ENST00000293195.10	ENST00000569148.1	1	5	2	0.5	ambiguous_quantification
SAMEA117622252	ENST00000569148.1	transcript2810.chr6.nnic	1	2	7	0.5	ambiguous_quantification
SAMEA117622252	transcript190.chr15.nic	ENST00000477136.5	2	5	4	0.5	ambiguous_quantification
SAMEA117622252	ENST00000266458.10	ENST00000468410.5	1	2	4	0.5	ambiguous_quantification
SAMEA117622252	ENST00000266458.10	ENST00000470487.6	1	2	3	0.5	ambiguous_quantification
SAMEA117622252	ENST00000216124.10	ENST00000282924.9	4	8	14	0.5	ambiguous_quantification
SAMEA117622252	transcript972.chr17.nic	ENST00000314067.11	1	4	2	0.5	ambiguous_quantification
SAMEA117622252	ENST00000350997.12	ENST00000351870.8	1	2	2	0.5	ambiguous_quantification
SAMEA117622252	ENST00000331944.10	ENST00000667889.2	2	12	4	0.5	ambiguous_quantification
SAMEA117622252	ENST00000375499.8	ENST00000434600.6	1	2	7	0.5	ambiguous_quantification
SAMEA117622252	ENST00000337673.7	ENST00000789419.1	5	17	10	0.5	ambiguous_quantification
SAMEA117622252	ENST00000286234.6	ENST00000295246.7	1	2	2	0.5	ambiguous_quantification
SAMEA117622252	transcript679.chr7.nnic	ENST00000298288.11	1	160	2	0.5	ambiguous_quantification
SAMEA117622252	transcript775.chr12.nnic	ENST00000298288.11	1	9	2	0.5	ambiguous_quantification
SAMEA117622252	transcript786.chr2.nic	ENST00000298288.11	1	4	2	0.5	ambiguous_quantification
SAMEA117622252	ENST00000298288.11	ENST00000368865.9	1	2	9	0.5	ambiguous_quantification
SAMEA117622252	ENST00000298288.11	ENST00000369144.8	1	2	10	0.5	ambiguous_quantification
SAMEA117622252	ENST00000298288.11	ENST00000369807.6	1	2	7	0.5	ambiguous_quantification
SAMEA117622252	ENST00000298288.11	ENST00000377798.9	1	2	4	0.5	ambiguous_quantification
SAMEA117622252	ENST00000401089.3	ENST00000403346.7	1	2	2	0.5	ambiguous_quantification
SAMEA117622252	ENST00000487045.6	ENST00000311638.7	1	2	3	0.5	ambiguous_quantification
SAMEA117622252	ENST00000234347.10	ENST00000300051.8	1	7	2	0.5	ambiguous_quantification
SAMEA117622252	ENST00000400485.6	ENST00000303415.7	2	31	4	0.5	ambiguous_quantification
SAMEA117622252	ENST00000229379.3	ENST00000307961.11	2	8	4	0.5	ambiguous_quantification
SAMEA117622252	ENST00000296577.9	ENST00000455784.7	2	8	4	0.5	ambiguous_quantification
SAMEA117622252	ENST00000259199.9	ENST00000375114.7	2	4	4	0.5	ambiguous_quantification
SAMEA117622252	ENST00000265260.8	ENST00000381344.8	1	6	2	0.5	ambiguous_quantification
SAMEA117622252	ENST00000262584.7	ENST00000397820.5	1	4	2	0.5	ambiguous_quantification
SAMEA117622252	ENST00000306065.9	ENST00000316999.9	1	2	5	0.5	ambiguous_quantification
SAMEA117622252	ENST00000361427.6	transcript105.chr6.nnic	1	6	2	0.5	ambiguous_quantification
SAMEA117622252	ENST00000361427.6	ENST00000366554.3	1	6	2	0.5	ambiguous_quantification
SAMEA117622252	transcript105.chr6.nnic	ENST00000366554.3	1	2	2	0.5	ambiguous_quantification
SAMEA117622252	ENST00000319394.8	ENST00000629576.2	3	21	6	0.5	ambiguous_quantification
SAMEA117622252	ENST00000573283.7	ENST00000357512.3	1	19	2	0.5	ambiguous_quantification
SAMEA117622252	ENST00000292147.7	ENST00000290216.14	1	36	2	0.5	ambiguous_quantification
SAMEA117622252	ENST00000274712.8	ENST00000418868.8	2	6	4	0.5	ambiguous_quantification
SAMEA117622252	ENST00000307877.7	ENST00000418868.8	2	6	4	0.5	ambiguous_quantification
SAMEA117622252	ENST00000414487.7	ENST00000357949.5	2	696	4	0.5	ambiguous_quantification
SAMEA117622252	ENST00000357799.9	ENST00000357949.5	2	5	4	0.5	ambiguous_quantification
SAMEA117622252	ENST00000373548.8	ENST00000319550.9	1	60	2	0.5	ambiguous_quantification
SAMEA117622252	ENST00000401419.7	ENST00000442526.3	4	35	8	0.5	ambiguous_quantification
SAMEA117622252	ENST00000377304.7	transcript401.chr15.nnic	2	14	4	0.5	ambiguous_quantification
SAMEA117622252	ENST00000320316.8	ENST00000321990.5	1	2	4	0.5	ambiguous_quantification
SAMEA117622252	ENST00000354546.10	ENST00000597551.6	1	11	2	0.5	ambiguous_quantification
SAMEA117622252	ENST00000256722.10	transcript327.chr19.nnic	1	10	2	0.5	ambiguous_quantification
SAMEA117622252	ENST00000259229.7	transcript916.chr17.nnic	1	14	2	0.5	ambiguous_quantification
SAMEA117622252	ENST00000016171.6	ENST00000379887.9	1	12	2	0.5	ambiguous_quantification
SAMEA117622252	ENST00000265174.5	ENST00000275517.8	1	3	2	0.5	ambiguous_quantification
SAMEA117622252	ENST00000378895.9	ENST00000600659.3	1	16	2	0.5	ambiguous_quantification
SAMEA117622252	ENST00000378895.9	transcript443.chr17.nic	1	16	2	0.5	ambiguous_quantification
SAMEA117622252	ENST00000600531.5	ENST00000600659.3	1	5	2	0.5	ambiguous_quantification
SAMEA117622252	ENST00000600531.5	transcript443.chr17.nic	1	5	2	0.5	ambiguous_quantification
SAMEA117622252	ENST00000600659.3	transcript443.chr17.nic	1	2	2	0.5	ambiguous_quantification
SAMEA117622252	ENST00000333916.8	ENST00000477171.1	2	20	4	0.5	ambiguous_quantification
SAMEA117622252	ENST00000476484.5	ENST00000477171.1	2	9	4	0.5	ambiguous_quantification
SAMEA117622252	ENST00000543165.1	transcript717.chr14.nic	2	9	4	0.5	ambiguous_quantification
SAMEA117622252	ENST00000395305.7	transcript1162.chr11.nnic	1	6	2	0.5	ambiguous_quantification
SAMEA117622252	ENST00000370986.9	ENST00000517990.5	2	14	4	0.5	ambiguous_quantification
SAMEA117622252	ENST00000412585.7	ENST00000636183.2	1	4	2	0.5	ambiguous_quantification
SAMEA117622252	transcript495.chr16.nic	ENST00000636183.2	1	4	2	0.5	ambiguous_quantification
SAMEA117622252	ENST00000344537.10	ENST00000347631.8	2	4	6	0.5	ambiguous_quantification
